{
    "R2": 0.9033696525647222,
    "MAE": 199.17321933297495,
    "RMSE": 240.2667506037689
}