{
    "LinearRegression": {
        "R2": 0.9033696525647222,
        "MAE": 199.17321933297495,
        "RMSE": 240.2667506037689
    },
    "SVR": {
        "R2": 0.06714846172066957,
        "MAE": 602.8411808703875,
        "RMSE": 746.5229618321815
    },
    "RandomForest": {
        "R2": 0.9023279127253537,
        "MAE": 199.744553141411,
        "RMSE": 241.55839694791823
    }
}